Record ID,Folder name
2684226648,AWS Products
2684221466,AWS Products
2684219821,AWS Products
2684215655,AWS Products
2684214814,AWS Products
2684212113,AWS Products
2684210357,AWS Products
2684209692,AWS Products
2684207749,AWS Products
2684205749,AWS Products
2684204801,AWS Products
2684084532,AWS Products
2684083504,AWS Products
2684077364,AWS Products
2684068165,AWS Products
2684063535,AWS Products
2684041610,AWS Products
2684041609,AWS Products
2684207253,AWS Products
2684068164,AWS Products
2684233060,AWS Products
2684232009,AWS Products
2684226647,AWS Products
2684221465,AWS Products
2684215654,AWS Products
2684076852,AWS Products
2684229445,AWS Products
2684225720,AWS Products
2684224527,AWS Products
2684218889,AWS Products
2684210356,AWS Products
2684084090,AWS Products
2684075373,AWS Products
2684071960,AWS Products
2684213902,AWS Products
2684082225,AWS Products
2684073131,AWS Products
2684222569,AWS Products
2684220975,AWS Products
2684209409,AWS Products
2684073619,AWS Products
2684071501,AWS Products
2683912464,AWS Products
2684235026,AWS Products
2684082224,AWS Products
2684227734,AWS Products
2684226181,AWS Products
2684221464,AWS Products
2684214813,AWS Products
2684208310,AWS Products
2684071959,AWS Products
2684041608,AWS Products
2684224526,AWS Products
2684084089,AWS Products
2684044851,AWS Products
2684210959,AWS Products
2684212914,AWS Products
2684221989,AWS Products
2684061794,AWS Products
2684227158,AWS Products
2684220531,AWS Products
2684219481,AWS Products
2684215653,AWS Products
2684213901,AWS Products
2684077363,AWS Products
2684076851,AWS Products
2683901472,AWS Products
2684241931,AWS Products
2684230942,AWS Products
2684227733,AWS Products
2684226646,AWS Products
2684224525,AWS Products
2684223381,AWS Products
2684222882,AWS Products
2684221988,AWS Products
2684221463,AWS Products
2684219480,AWS Products
2684218888,AWS Products
2684213900,AWS Products
2684212913,AWS Products
2684210355,AWS Products
2684207252,AWS Products
2684083507,AWS Products
2684080456,AWS Products
2684077362,AWS Products
2684068163,AWS Products
2683912463,AWS Products
2683901043,AWS Products
2684238855,AWS Products
2684233059,AWS Products
2684233058,AWS Products
2684231486,AWS Products
2684230941,AWS Products
2684229758,AWS Products
2684229757,AWS Products
2684228164,AWS Products
2684222881,AWS Products
2684222568,AWS Products
2684219820,AWS Products
2684216662,AWS Products
2684215317,AWS Products
2684212553,AWS Products
2684209691,AWS Products
2684208309,AWS Products
2684208308,AWS Products
2684207748,AWS Products
2684204800,AWS Products
2684204729,AWS Products
2684076850,AWS Products
2684073130,AWS Products
2684071500,AWS Products
2684070301,AWS Products
2684068162,AWS Products
2684063533,AWS Products
2684061793,AWS Products
2684241930,AWS Products
2684232008,AWS Products
2684227157,AWS Products
2684224524,AWS Products
2684211491,AWS Products
2684210958,AWS Products
2684207747,AWS Products
2684205748,AWS Products
2684205197,AWS Products
2684084531,AWS Products
2684083505,AWS Products
2684080455,AWS Products
2684077361,AWS Products
2684073618,AWS Products
2684073129,AWS Products
2684071499,AWS Products
2684217959,AWS Products
2684214812,AWS Products
2684208307,AWS Products
2683901471,AWS Products
2684227732,AWS Products
2684209408,AWS Products
2684207251,AWS Products
2684073617,AWS Products
2684215652,AWS Products
2684212112,AWS Products
2684211490,AWS Products
2684205196,AWS Products
2684082223,AWS Products
2684071958,AWS Products
2684231485,AWS Products
2684219819,AWS Products
2684210354,AWS Products
2684209690,AWS Products
2684073128,AWS Products
2684063531,AWS Products
2684071498,AWS Products
2684044849,AWS Products
2684235025,AWS Products
2684204728,AWS Products
2684238854,AWS Products
2684233057,AWS Products
2684225719,AWS Products
2684073127,AWS Products
2683901470,AWS Products
2684227156,AWS Products
2684070300,AWS Products
2684232007,AWS Products
2684230940,AWS Products
2684221462,AWS Products
2684219479,AWS Products
2684213899,AWS Products
2684209689,AWS Products
2684079987,AWS Products
2684076849,AWS Products
2684233056,AWS Products
2684224523,AWS Products
2684216661,AWS Products
2684084088,AWS Products
2684083503,AWS Products
2684074772,AWS Products
2684044848,AWS Products
2684241929,AWS Products
2684225718,AWS Products
2684217958,AWS Products
2684216660,AWS Products
2684211489,AWS Products
2684205195,AWS Products
2684204727,AWS Products
2684078384,AWS Products
2684070299,AWS Products
2684231484,AWS Products
2684220974,AWS Products
2684217957,AWS Products
2684212912,AWS Products
2684212552,AWS Products
2684204726,AWS Products
2684061792,AWS Products
2684228748,AWS Products
2684227155,AWS Products
2684217956,AWS Products
2684063530,AWS Products
2684228747,AWS Products
2684227731,AWS Products
2684226645,AWS Products
2684222567,AWS Products
2684212107,AWS Products
2684205747,AWS Products
2684073616,AWS Products
2684070298,AWS Products
2684041607,AWS Products
2683901042,AWS Products
2684230939,AWS Products
2684216659,AWS Products
2684215316,AWS Products
2684207250,AWS Products
2684080454,AWS Products
2684077360,AWS Products
2684224522,AWS Products
2684219818,AWS Products
2684215651,AWS Products
2684210353,AWS Products
2684073126,AWS Products
2684071957,AWS Products
2684231483,AWS Products
2684222880,AWS Products
2684080453,AWS Products
2684044847,AWS Products
2683901041,AWS Products
2684225717,AWS Products
2684212911,AWS Products
2684229444,AWS Products
2684226644,AWS Products
2684073615,AWS Products
2684232006,AWS Products
2684212111,AWS Products
2684211488,AWS Products
2684075372,AWS Products
2684220530,AWS Products
2684217955,AWS Products
2684216658,AWS Products
2684210352,AWS Products
2684209337,AWS Products
2684084087,AWS Products
2683912462,AWS Products
2684204725,AWS Products
2684084086,AWS Products
2684227730,AWS Products
2684215315,AWS Products
2684212110,AWS Products
2684212109,AWS Products
2684078383,AWS Products
2684077359,AWS Products
2684073614,AWS Products
2683901469,AWS Products
2684238853,AWS Products
2684232005,AWS Products
2684227154,AWS Products
2684225190,AWS Products
2684223380,AWS Products
2684219478,AWS Products
2684214811,AWS Products
2684209335,AWS Products
2684205746,AWS Products
2684204724,AWS Products
2684078382,AWS Products
2684241928,AWS Products
2684229756,AWS Products
2684229443,AWS Products
2684228746,AWS Products
2684227729,AWS Products
2684221987,AWS Products
2684220973,AWS Products
2684220529,AWS Products
2684215314,AWS Products
2684212910,AWS Products
2684210957,AWS Products
2684209336,AWS Products
2684208306,AWS Products
2684207746,AWS Products
2684205194,AWS Products
2684084530,AWS Products
2684080452,AWS Products
2684080451,AWS Products
2684079986,AWS Products
2684075371,AWS Products
2684073613,AWS Products
2684073612,AWS Products
2684071956,AWS Products
2684071497,AWS Products
2684068161,AWS Products
2684235024,AWS Products
2684232004,AWS Products
2684231482,AWS Products
2684229755,AWS Products
2684228163,AWS Products
2684225716,AWS Products
2684223379,AWS Products
2684222879,AWS Products
2684221986,AWS Products
2684221461,AWS Products
2684215650,AWS Products
2684213898,AWS Products
2684212909,AWS Products
2684212551,AWS Products
2684209688,AWS Products
2684076848,AWS Products
2684074771,AWS Products
2684073611,AWS Products
2684071955,AWS Products
2684070297,AWS Products
2684063529,AWS Products
2684041606,AWS Products
2683901468,AWS Products
2683901040,AWS Products
2683901039,AWS Products
2684230938,AWS Products
2684227728,AWS Products
2684226643,AWS Products
2684226180,AWS Products
2684224521,AWS Products
2684222878,AWS Products
2684218887,AWS Products
2684215649,AWS Products
2684214810,AWS Products
2684212108,AWS Products
2684211487,AWS Products
2684211486,AWS Products
2684210956,AWS Products
2684210351,AWS Products
2684209334,AWS Products
2684208305,AWS Products
2684207745,AWS Products
2684207744,AWS Products
2684078381,AWS Products
2684074770,AWS Products
2684073125,AWS Products
2684061791,AWS Products
2684061790,AWS Products
2684227153,AWS Products
2684226179,AWS Products
2684225715,AWS Products
2684225189,AWS Products
2684220528,AWS Products
2684213897,AWS Products
2684212550,AWS Products
2684207743,AWS Products
2684084529,AWS Products
2684083502,AWS Products
2684082222,AWS Products
2684080450,AWS Products
2684075370,AWS Products
2684071954,AWS Products
2684070296,AWS Products
2684063528,AWS Products
2684229754,AWS Products
2684221460,AWS Products
2684205193,AWS Products
2684079985,AWS Products
2683901038,AWS Products
2684068160,AWS Products
2684076847,AWS Products
2684241927,AWS Products
2684063527,AWS Products
2684220972,AWS Products
2684230937,AWS Products
2684221459,AWS Products
2684228161,AWS Products
2684211485,AWS Products
2684225188,AWS Products
2684219817,AWS Products
2684215648,AWS Products
2684210955,AWS Products
2684210350,AWS Products
2684238852,AWS Products
2684222566,AWS Products
2684231481,AWS Products
2684205745,AWS Products
2684063526,AWS Products
2684044846,AWS Products
2684232003,AWS Products
2684041605,AWS Products
2684228745,AWS Products
2684228744,AWS Products
2684219477,AWS Products
2684212106,AWS Products
2684227152,AWS Products
2684225714,AWS Products
2684212549,AWS Products
2684205192,AWS Products
2684074769,AWS Products
2684228159,AWS Products
2684077358,AWS Products
2684076846,AWS Products
2684068159,AWS Products
2684041604,AWS Products
2684238851,AWS Products
2684232002,AWS Products
2684228158,AWS Products
2684227727,AWS Products
2684227726,AWS Products
2684220527,AWS Products
2684218886,AWS Products
2684212908,AWS Products
2684210349,AWS Products
2684204723,AWS Products
2684073610,AWS Products
2684073124,AWS Products
2683912461,AWS Products
2684235023,AWS Products
2684228157,AWS Products
2684227151,AWS Products
2684225713,AWS Products
2684222877,AWS Products
2684221985,AWS Products
2684219816,AWS Products
2684217954,AWS Products
2684213896,AWS Products
2684211484,AWS Products
2684211483,AWS Products
2684209333,AWS Products
2684207249,AWS Products
2684084528,AWS Products
2684084527,AWS Products
2684084085,AWS Products
2684082221,AWS Products
2684071496,AWS Products
2684061789,AWS Products
2683901467,AWS Products
2683901037,AWS Products
2684241926,AWS Products
2684238850,AWS Products
2684233055,AWS Products
2684229442,AWS Products
2684226642,AWS Products
2684226176,AWS Products
2684225712,AWS Products
2684225187,AWS Products
2684224520,AWS Products
2684222565,AWS Products
2684216657,AWS Products
2684215313,AWS Products
2684212105,AWS Products
2684209687,AWS Products
2684208304,AWS Products
2684207742,AWS Products
2684205744,AWS Products
2684205191,AWS Products
2684078380,AWS Products
2684078379,AWS Products
2684075369,AWS Products
2684063525,AWS Products
2684063524,AWS Products
2683901466,AWS Products
2684227150,AWS Products
2684226175,AWS Products
2684223378,AWS Products
2684221984,AWS Products
2684220971,AWS Products
2684219813,AWS Products
2684217953,AWS Products
2684212548,AWS Products
2684210348,AWS Products
2684209332,AWS Products
2684207248,AWS Products
2684204722,AWS Products
2684082220,AWS Products
2684079984,AWS Products
2684075368,AWS Products
2684071952,AWS Products
2684071951,AWS Products
2683912460,AWS Products
2683901465,AWS Products
2684235022,AWS Products
2684230936,AWS Products
2684228743,AWS Products
2684226641,AWS Products
2684221458,AWS Products
2684220970,AWS Products
2684215647,AWS Products
2684215312,AWS Products
2684215311,AWS Products
2684212104,AWS Products
2684210954,AWS Products
2684209331,AWS Products
2684209330,AWS Products
2684208303,AWS Products
2684204721,AWS Products
2684084526,AWS Products
2684080449,AWS Products
2684080448,AWS Products
2684074768,AWS Products
2684073609,AWS Products
2684071495,AWS Products
2684070295,AWS Products
2683901036,AWS Products
2684238849,AWS Products
2684235021,AWS Products
2684229753,AWS Products
2684224519,AWS Products
2684220526,AWS Products
2684217952,AWS Products
2684212907,AWS Products
2684204720,AWS Products
2684073123,AWS Products
2684041603,AWS Products
2684233054,AWS Products
2684229752,AWS Products
2684218885,AWS Products
2684084525,AWS Products
2684241925,AWS Products
2684222876,AWS Products
2684083501,AWS Products
2684082219,AWS Products
2684224518,AWS Products
2684221457,AWS Products
2684220969,AWS Products
2684214809,AWS Products
2684079983,AWS Products
2684078378,AWS Products
2684077357,AWS Products
2684073122,AWS Products
2683901464,AWS Products
2684241924,AWS Products
2684238848,AWS Products
2684227725,AWS Products
2684219815,AWS Products
2684205743,AWS Products
2684073608,AWS Products
2684071494,AWS Products
2684235020,AWS Products
2684231480,AWS Products
2684229441,AWS Products
2684228742,AWS Products
2684228160,AWS Products
2684226178,AWS Products
2684224517,AWS Products
2684218884,AWS Products
2684215310,AWS Products
2684213895,AWS Products
2684070294,AWS Products
2684068158,AWS Products
2683912459,AWS Products
2684228162,AWS Products
2684219814,AWS Products
2684219812,AWS Products
2684216656,AWS Products
2684212103,AWS Products
2684206893,AWS Products
2684078377,AWS Products
2684073121,AWS Products
2684070293,AWS Products
2684238777,AWS Products
2684232001,AWS Products
2684227149,AWS Products
2684226640,AWS Products
2684221456,AWS Products
2684220968,AWS Products
2684215646,AWS Products
2684215645,AWS Products
2684212906,AWS Products
2684209686,AWS Products
2684077356,AWS Products
2684076845,AWS Products
2684071950,AWS Products
2684061788,AWS Products
2683912458,AWS Products
2683901463,AWS Products
2684231479,AWS Products
2684228156,AWS Products
2684228155,AWS Products
2684227724,AWS Products
2684224516,AWS Products
2684223377,AWS Products
2684222564,AWS Products
2684218883,AWS Products
2684216655,AWS Products
2684213894,AWS Products
2684212102,AWS Products
2684205190,AWS Products
2684204719,AWS Products
2684084524,AWS Products
2684079982,AWS Products
2684075367,AWS Products
2684073120,AWS Products
2684073119,AWS Products
2684071949,AWS Products
2684070292,AWS Products
2684044845,AWS Products
2684041602,AWS Products
2683901035,AWS Products
2684233053,AWS Products
2684232000,AWS Products
2684230935,AWS Products
2684228741,AWS Products
2684228740,AWS Products
2684227723,AWS Products
2684226639,AWS Products
2684226177,AWS Products
2684225711,AWS Products
2684225710,AWS Products
2684224515,AWS Products
2684221983,AWS Products
2684221455,AWS Products
2684217951,AWS Products
2684214808,AWS Products
2684212905,AWS Products
2684212547,AWS Products
2684209685,AWS Products
2684207741,AWS Products
2684205742,AWS Products
2684204718,AWS Products
2684204717,AWS Products
2684084523,AWS Products
2684082218,AWS Products
2684075366,AWS Products
2684075365,AWS Products
2684068157,AWS Products
2684068156,AWS Products
2684063523,AWS Products
2684044844,AWS Products
2683901462,AWS Products
2684241923,AWS Products
2684233052,AWS Products
2684231478,AWS Products
2684228739,AWS Products
2684226174,AWS Products
2684225186,AWS Products
2684223376,AWS Products
2684220525,AWS Products
2684214807,AWS Products
2684213893,AWS Products
2684212101,AWS Products
2684210953,AWS Products
2684210952,AWS Products
2684207247,AWS Products
2684206892,AWS Products
2684205741,AWS Products
2684205189,AWS Products
2684084522,AWS Products
2684084084,AWS Products
2684079981,AWS Products
2684077894,AWS Products
2684231999,AWS Products
2684228154,AWS Products
2684227148,AWS Products
2684227147,AWS Products
2684222875,AWS Products
2684220967,AWS Products
2684220524,AWS Products
2684216654,AWS Products
2684215644,AWS Products
2684215309,AWS Products
2684213892,AWS Products
2684212100,AWS Products
2684080447,AWS Products
2684073118,AWS Products
2684044843,AWS Products
2684041601,AWS Products
2683901033,AWS Products
2684233051,AWS Products
2684225709,AWS Products
2684225185,AWS Products
2684213891,AWS Products
2684212099,AWS Products
2684084083,AWS Products
2684041600,AWS Products
2683901034,AWS Products
2684227722,AWS Products
2684213890,AWS Products
2684207246,AWS Products
2684084082,AWS Products
2684075364,AWS Products
2684071948,AWS Products
2684233050,AWS Products
2684216653,AWS Products
2684083500,AWS Products
2683901461,AWS Products
2684210347,AWS Products
2684223375,AWS Products
2684225708,AWS Products
2684210346,AWS Products
2684084081,AWS Products
2684226173,AWS Products
2684226172,AWS Products
2684212098,AWS Products
2684225707,AWS Products
2684212904,AWS Products
2684068155,AWS Products
2684070291,AWS Products
2684078376,AWS Products
2684205740,AWS Products
2684215308,AWS Products
2684206891,AWS Products
2683912457,AWS Products
2684225706,AWS Products
2684212546,AWS Products
2683901032,AWS Products
2684228153,AWS Products
2684225705,AWS Products
2684077355,AWS Products
2684076844,AWS Products
2684073607,AWS Products
2684229440,AWS Products
2684228738,AWS Products
2684220523,AWS Products
2684209329,AWS Products
2684208302,AWS Products
2684082217,AWS Products
2684074767,AWS Products
2684221454,AWS Products
2684215307,AWS Products
2684209684,AWS Products
2684218882,AWS Products
2684083499,AWS Products
2684077893,AWS Products
2684068154,AWS Products
2684227721,AWS Products
2684233049,AWS Products
2684227146,AWS Products
2684212545,AWS Products
2684219811,AWS Products
2684211482,AWS Products
2684227720,AWS Products
2684212903,AWS Products
2684205739,AWS Products
2684226638,AWS Products
2684217950,AWS Products
2684217949,AWS Products
2684238775,AWS Products
2684204716,AWS Products
2684071947,AWS Products
2684041599,AWS Products
2684238776,AWS Products
2684220966,AWS Products
2684220522,AWS Products
2684220521,AWS Products
2684212097,AWS Products
2684209328,AWS Products
2684207245,AWS Products
2684083498,AWS Products
2684061787,AWS Products
2684041598,AWS Products
2684231477,AWS Products
2684227145,AWS Products
2684225183,AWS Products
2684219476,AWS Products
2684215643,AWS Products
2684211481,AWS Products
2684204715,AWS Products
2684084080,AWS Products
2684082216,AWS Products
2684076843,AWS Products
2684044842,AWS Products
2683912456,AWS Products
2683901031,AWS Products
2684226637,AWS Products
2684226171,AWS Products
2684225184,AWS Products
2684212902,AWS Products
2684205188,AWS Products
2684078374,AWS Products
2684076842,AWS Products
2684230934,AWS Products
2684226636,AWS Products
2684225182,AWS Products
2684221453,AWS Products
2684218881,AWS Products
2684215642,AWS Products
2684214806,AWS Products
2684210951,AWS Products
2684080446,AWS Products
2684078375,AWS Products
2684071493,AWS Products
2683901460,AWS Products
2684221452,AWS Products
2684220965,AWS Products
2684220964,AWS Products
2684219810,AWS Products
2684212900,AWS Products
2684211480,AWS Products
2684075363,AWS Products
2684073117,AWS Products
2684071492,AWS Products
2684238774,AWS Products
2684231998,AWS Products
2684231476,AWS Products
2684225181,AWS Products
2684213889,AWS Products
2684212901,AWS Products
2684208301,AWS Products
2684207740,AWS Products
2684080445,AWS Products
2684077892,AWS Products
2684041597,AWS Products
2684230933,AWS Products
2684228737,AWS Products
2684228152,AWS Products
2684226635,AWS Products
2684221982,AWS Products
2684212898,AWS Products
2684209683,AWS Products
2684208300,AWS Products
2684207739,AWS Products
2684205738,AWS Products
2684083496,AWS Products
2684082215,AWS Products
2684079979,AWS Products
2684078373,AWS Products
2684075360,AWS Products
2684074766,AWS Products
2684073606,AWS Products
2684073605,AWS Products
2684061786,AWS Products
2684231997,AWS Products
2684229439,AWS Products
2684227144,AWS Products
2684219475,AWS Products
2684212899,AWS Products
2684207738,AWS Products
2684083497,AWS Products
2684075362,AWS Products
2684073116,AWS Products
2684071491,AWS Products
2684238773,AWS Products
2684228736,AWS Products
2684224514,AWS Products
2684222563,AWS Products
2684222562,AWS Products
2684221981,AWS Products
2684212544,AWS Products
2684212543,AWS Products
2684209327,AWS Products
2684207737,AWS Products
2684207244,AWS Products
2684084521,AWS Products
2684082214,AWS Products
2684079980,AWS Products
2684077354,AWS Products
2684075361,AWS Products
2684068153,AWS Products
2684063522,AWS Products
2683901459,AWS Products
2683901458,AWS Products
2683901030,AWS Products
2684241922,AWS Products
2684228151,AWS Products
2684226170,AWS Products
2684225704,AWS Products
2684223374,AWS Products
2684222874,AWS Products
2684221451,AWS Products
2684220520,AWS Products
2684218880,AWS Products
2684215641,AWS Products
2684213888,AWS Products
2684210950,AWS Products
2684206890,AWS Products
2684204714,AWS Products
2684079978,AWS Products
2684075359,AWS Products
2684071946,AWS Products
2684070290,AWS Products
2684068152,AWS Products
2684238772,AWS Products
2684233047,AWS Products
2684231996,AWS Products
2684223372,AWS Products
2684222561,AWS Products
2684221450,AWS Products
2684220519,AWS Products
2684218809,AWS Products
2684215640,AWS Products
2684214805,AWS Products
2684212897,AWS Products
2684212096,AWS Products
2684210345,AWS Products
2684209682,AWS Products
2684207243,AWS Products
2684207242,AWS Products
2684205737,AWS Products
2684084520,AWS Products
2684084519,AWS Products
2684083495,AWS Products
2684080444,AWS Products
2684075358,AWS Products
2684075357,AWS Products
2684074765,AWS Products
2684073115,AWS Products
2684068151,AWS Products
2684063521,AWS Products
2683912455,AWS Products
2683901029,AWS Products
2684233048,AWS Products
2684227143,AWS Products
2684226169,AWS Products
2684224513,AWS Products
2684223373,AWS Products
2684222873,AWS Products
2684221449,AWS Products
2684219474,AWS Products
2684219473,AWS Products
2684217948,AWS Products
2684216652,AWS Products
2684215639,AWS Products
2684215306,AWS Products
2684213887,AWS Products
2684213886,AWS Products
2684212896,AWS Products
2684212095,AWS Products
2684209681,AWS Products
2684205736,AWS Products
2684205735,AWS Products
2684084079,AWS Products
2684077891,AWS Products
2684075356,AWS Products
2684074764,AWS Products
2684073604,AWS Products
2684071945,AWS Products
2684071490,AWS Products
2684070289,AWS Products
2684070288,AWS Products
2684044841,AWS Products
2684044840,AWS Products
2684231475,AWS Products
2684229438,AWS Products
2684228735,AWS Products
2684225180,AWS Products
2684223371,AWS Products
2684219809,AWS Products
2684217947,AWS Products
2684212094,AWS Products
2684207241,AWS Products
2684205187,AWS Products
2684080442,AWS Products
2684080441,AWS Products
2684079977,AWS Products
2684078372,AWS Products
2684077353,AWS Products
2684077352,AWS Products
2684076841,AWS Products
2684073114,AWS Products
2684071944,AWS Products
2684063520,AWS Products
2684061785,AWS Products
2684229437,AWS Products
2684227719,AWS Products
2684226634,AWS Products
2684226168,AWS Products
2684222560,AWS Products
2684221448,AWS Products
2684220518,AWS Products
2684219472,AWS Products
2684217946,AWS Products
2684215305,AWS Products
2684215304,AWS Products
2684210949,AWS Products
2684210344,AWS Products
2684210343,AWS Products
2684210342,AWS Products
2684209326,AWS Products
2684205186,AWS Products
2684084078,AWS Products
2684084077,AWS Products
2684082213,AWS Products
2684080443,AWS Products
2684077890,AWS Products
2684077351,AWS Products
2684063519,AWS Products
2683901457,AWS Products
2683901456,AWS Products
2683901028,AWS Products
2684238771,AWS Products
2684238770,AWS Products
2684228734,AWS Products
2684224512,AWS Products
2684216651,AWS Products
2684212895,AWS Products
2684204713,AWS Products
2684079976,AWS Products
2684078371,AWS Products
2684073113,AWS Products
2684071943,AWS Products
2684069932,AWS Products
2684241921,AWS Products
2684204712,AWS Products
2684044839,AWS Products
2684228150,AWS Products
2684225703,AWS Products
2683912454,AWS Products
2684222559,AWS Products
2684063518,AWS Products
2684222558,AWS Products
2684080440,AWS Products
2684219471,AWS Products
2684073603,AWS Products
2684070287,AWS Products
2684206889,AWS Products
2684233046,AWS Products
2683901455,AWS Products
2684205734,AWS Products
2684077350,AWS Products
2684222557,AWS Products
2684215303,AWS Products
2684222872,AWS Products
2684222871,AWS Products
2684207736,AWS Products
2684207240,AWS Products
2684079975,AWS Products
2684075355,AWS Products
2684226633,AWS Products
2684207735,AWS Products
2684204711,AWS Products
2683901027,AWS Products
2684215302,AWS Products
2684080439,AWS Products
2684071489,AWS Products
2683901026,AWS Products
2684222869,AWS Products
2684219808,AWS Products
2684219807,AWS Products
2684213885,AWS Products
2684209680,AWS Products
2684084076,AWS Products
2684061784,AWS Products
2684228149,AWS Products
2684222870,AWS Products
2684214804,AWS Products
2684208299,AWS Products
2684044838,AWS Products
2684230932,AWS Products
2684227718,AWS Products
2684226167,AWS Products
2684222556,AWS Products
2684218808,AWS Products
2684212894,AWS Products
2684206888,AWS Products
2684205733,AWS Products
2684084518,AWS Products
2684079974,AWS Products
2684073112,AWS Products
2684044837,AWS Products
2684220963,AWS Products
2684215638,AWS Products
2684225179,AWS Products
2684212893,AWS Products
2684208298,AWS Products
2684041596,AWS Products
2684233045,AWS Products
2684233044,AWS Products
2684223370,AWS Products
2684220962,AWS Products
2684205732,AWS Products
2684073602,AWS Products
2683901025,AWS Products
2684228733,AWS Products
2684227717,AWS Products
2684224441,AWS Products
2684222555,AWS Products
2684221447,AWS Products
2684221446,AWS Products
2684220517,AWS Products
2684205185,AWS Products
2684083494,AWS Products
2684080438,AWS Products
2684075354,AWS Products
2684238769,AWS Products
2684228732,AWS Products
2684222868,AWS Products
2684215637,AWS Products
2684215636,AWS Products
2684214803,AWS Products
2684073111,AWS Products
2684226166,AWS Products
2684212542,AWS Products
2684074763,AWS Products
2684071488,AWS Products
2684070286,AWS Products
2684210341,AWS Products
2684069931,AWS Products
2684061783,AWS Products
2684241920,AWS Products
2684221980,AWS Products
2684219806,AWS Products
2684216650,AWS Products
2684209325,AWS Products
2684206887,AWS Products
2684041595,AWS Products
2683901024,AWS Products
2684228148,AWS Products
2684214802,AWS Products
2684233043,AWS Products
2684229436,AWS Products
2684218807,AWS Products
2684205731,AWS Products
2684078370,AWS Products
2684068150,AWS Products
2683912453,AWS Products
2684231995,AWS Products
2684230931,AWS Products
2684225178,AWS Products
2684220961,AWS Products
2684219805,AWS Products
2684214801,AWS Products
2684211479,AWS Products
2684205184,AWS Products
2684204710,AWS Products
2684077889,AWS Products
2684077888,AWS Products
2684074762,AWS Products
2684044836,AWS Products
2684221979,AWS Products
2684220516,AWS Products
2684212541,AWS Products
2684212093,AWS Products
2684211478,AWS Products
2684084517,AWS Products
2684082212,AWS Products
2684080437,AWS Products
2684074761,AWS Products
2684071942,AWS Products
2684241849,AWS Products
2684215301,AWS Products
2684213884,AWS Products
2684212892,AWS Products
2684207239,AWS Products
2684076840,AWS Products
2683901454,AWS Products
2684216649,AWS Products
2684211477,AWS Products
2684084516,AWS Products
2684083493,AWS Products
2684076839,AWS Products
2684070285,AWS Products
2684041594,AWS Products
2683901453,AWS Products
2684225177,AWS Products
2684221978,AWS Products
2684210948,AWS Products
2684209679,AWS Products
2684206886,AWS Products
2684073110,AWS Products
2684071941,AWS Products
2683901023,AWS Products
2684224440,AWS Products
2684220960,AWS Products
2684210947,AWS Products
2684083492,AWS Products
2684071487,AWS Products
2684238768,AWS Products
2684222867,AWS Products
2684220515,AWS Products
2684212540,AWS Products
2684208297,AWS Products
2684082211,AWS Products
2684080436,AWS Products
2684079973,AWS Products
2683901452,AWS Products
2684241848,AWS Products
2684212891,AWS Products
2684080435,AWS Products
2684230930,AWS Products
2684227716,AWS Products
2684209324,AWS Products
2684077887,AWS Products
2684041593,AWS Products
2683912452,AWS Products
2684209678,AWS Products
2684205183,AWS Products
2684077886,AWS Products
2684075353,AWS Products
2684227715,AWS Products
2684226165,AWS Products
2684225176,AWS Products
2684209677,AWS Products
2684206885,AWS Products
2684205182,AWS Products
2684084075,AWS Products
2684063517,AWS Products
2684061782,AWS Products
2684041592,AWS Products
2684238767,AWS Products
2684231994,AWS Products
2684226632,AWS Products
2684217945,AWS Products
2684211476,AWS Products
2684083491,AWS Products
2684083490,AWS Products
2684077349,AWS Products
2684231993,AWS Products
2684225702,AWS Products
2684222554,AWS Products
2684212890,AWS Products
2684205181,AWS Products
2684078369,AWS Products
2684077348,AWS Products
2684061781,AWS Products
2684228731,AWS Products
2684226631,AWS Products
2684221977,AWS Products
2684044835,AWS Products
2684231474,AWS Products
2684229435,AWS Products
2684073601,AWS Products
2684070284,AWS Products
2684231473,AWS Products
2684226630,AWS Products
2684215635,AWS Products
2684204709,AWS Products
2684077347,AWS Products
2684073109,AWS Products
2684041591,AWS Products
2683901451,AWS Products
2684082210,AWS Products
2684073600,AWS Products
2684073599,AWS Products
2684231472,AWS Products
2684225175,AWS Products
2684222553,AWS Products
2684222551,AWS Products
2684221445,AWS Products
2684220514,AWS Products
2684215634,AWS Products
2684209676,AWS Products
2684084515,AWS Products
2684082209,AWS Products
2684079972,AWS Products
2684078368,AWS Products
2684075352,AWS Products
2684074760,AWS Products
2684071940,AWS Products
2684071939,AWS Products
2684068149,AWS Products
2684231471,AWS Products
2684230929,AWS Products
2684230928,AWS Products
2684227714,AWS Products
2684227713,AWS Products
2684226164,AWS Products
2684225174,AWS Products
2684225173,AWS Products
2684222552,AWS Products
2684222550,AWS Products
2684218806,AWS Products
2684217944,AWS Products
2684215633,AWS Products
2684213883,AWS Products
2684211475,AWS Products
2684211474,AWS Products
2684210340,AWS Products
2684205730,AWS Products
2684084514,AWS Products
2684080434,AWS Products
2684076838,AWS Products
2684075351,AWS Products
2684075350,AWS Products
2684074759,AWS Products
2684061780,AWS Products
2684061779,AWS Products
2684061778,AWS Products
2684044834,AWS Products
2684241847,AWS Products
2684241846,AWS Products
2684233042,AWS Products
2684231992,AWS Products
2684228730,AWS Products
2684225701,AWS Products
2684224439,AWS Products
2684220513,AWS Products
2684219804,AWS Products
2684218805,AWS Products
2684215300,AWS Products
2684214800,AWS Products
2684210339,AWS Products
2684209675,AWS Products
2684077885,AWS Products
2684073598,AWS Products
2684073108,AWS Products
2684071486,AWS Products
2684070283,AWS Products
2684069930,AWS Products
2684068148,AWS Products
2684063516,AWS Products
2684063515,AWS Products
2683912451,AWS Products
2683901450,AWS Products
2684231991,AWS Products
2684231990,AWS Products
2684228729,AWS Products
2684228147,AWS Products
2684227712,AWS Products
2684226629,AWS Products
2684226163,AWS Products
2684225700,AWS Products
2684222866,AWS Products
2684221976,AWS Products
2684221444,AWS Products
2684221443,AWS Products
2684219803,AWS Products
2684219470,AWS Products
2684218804,AWS Products
2684216648,AWS Products
2684216647,AWS Products
2684215632,AWS Products
2684213882,AWS Products
2684212889,AWS Products
2684209323,AWS Products
2684209322,AWS Products
2684207734,AWS Products
2684207238,AWS Products
2684206884,AWS Products
2684206883,AWS Products
2684205180,AWS Products
2684204708,AWS Products
2684083489,AWS Products
2684082208,AWS Products
2684079971,AWS Products
2684077884,AWS Products
2684077346,AWS Products
2684073597,AWS Products
2684071485,AWS Products
2684069928,AWS Products
2684068147,AWS Products
2683912450,AWS Products
2684229434,AWS Products
2684228146,AWS Products
2684228145,AWS Products
2684226162,AWS Products
2684219802,AWS Products
2684212539,AWS Products
2684209321,AWS Products
2684084074,AWS Products
2684073107,AWS Products
2684061777,AWS Products
2684226628,AWS Products
2684225699,AWS Products
2684221975,AWS Products
2684083488,AWS Products
2684075349,AWS Products
2684069929,AWS Products
2684238766,AWS Products
2684223369,AWS Products
2684220959,AWS Products
2684219469,AWS Products
2684210338,AWS Products
2684073596,AWS Products
2684222549,AWS Products
2684211473,AWS Products
2684204707,AWS Products
2684076837,AWS Products
2684222865,AWS Products
2684221974,AWS Products
2684220512,AWS Products
2684218803,AWS Products
2684210337,AWS Products
2684207237,AWS Products
2684076836,AWS Products
2684070282,AWS Products
2684220958,AWS Products
2684212092,AWS Products
2684212091,AWS Products
2684209674,AWS Products
2684207733,AWS Products
2684205729,AWS Products
2684073106,AWS Products
2683901449,AWS Products
2684230927,AWS Products
2684212888,AWS Products
2684210946,AWS Products
2684082207,AWS Products
2684079970,AWS Products
2684079969,AWS Products
2684078367,AWS Products
2684241845,AWS Products
2684228144,AWS Products
2684227711,AWS Products
2684221442,AWS Products
2684221441,AWS Products
2684215631,AWS Products
2684215299,AWS Products
2684214799,AWS Products
2684214798,AWS Products
2684212887,AWS Products
2684211472,AWS Products
2684210945,AWS Products
2684209320,AWS Products
2684073105,AWS Products
2683912449,AWS Products
2684230926,AWS Products
2684229433,AWS Products
2684226627,AWS Products
2684225698,AWS Products
2684224438,AWS Products
2684223368,AWS Products
2684220957,AWS Products
2684216646,AWS Products
2684215630,AWS Products
2684213881,AWS Products
2684210944,AWS Products
2684208296,AWS Products
2684074758,AWS Products
2684074757,AWS Products
2684071938,AWS Products
2684063514,AWS Products
2684044833,AWS Products
2683901022,AWS Products
2683901021,AWS Products
2684238765,AWS Products
2684238764,AWS Products
2684238763,AWS Products
2684231470,AWS Products
2684231469,AWS Products
2684228728,AWS Products
2684228143,AWS Products
2684227710,AWS Products
2684226626,AWS Products
2684226161,AWS Products
2684223367,AWS Products
2684222864,AWS Products
2684222548,AWS Products
2684221440,AWS Products
2684219468,AWS Products
2684215298,AWS Products
2684214797,AWS Products
2684213880,AWS Products
2684209319,AWS Products
2684206882,AWS Products
2684206881,AWS Products
2684205179,AWS Products
2684083487,AWS Products
2684083486,AWS Products
2684082206,AWS Products
2684077883,AWS Products
2684076835,AWS Products
2684073595,AWS Products
2684044832,AWS Products
2683901448,AWS Products
2684238762,AWS Products
2684233041,AWS Products
2684231989,AWS Products
2684229432,AWS Products
2684225172,AWS Products
2684222863,AWS Products
2684220511,AWS Products
2684219467,AWS Products
2684217943,AWS Products
2684216645,AWS Products
2684212886,AWS Products
2684212538,AWS Products
2684212090,AWS Products
2684209673,AWS Products
2684208295,AWS Products
2684207732,AWS Products
2684207236,AWS Products
2684207235,AWS Products
2684205178,AWS Products
2684080433,AWS Products
2684075348,AWS Products
2684075347,AWS Products
2684073594,AWS Products
2684071484,AWS Products
2684071483,AWS Products
2684069927,AWS Products
2684063513,AWS Products
2684061776,AWS Products
2683912377,AWS Products
2683912376,AWS Products
2683901020,AWS Products
2683901019,AWS Products
2684241844,AWS Products
2684233040,AWS Products
2684231988,AWS Products
2684226625,AWS Products
2684225697,AWS Products
2684205728,AWS Products
2684082205,AWS Products
2684215297,AWS Products
2684214796,AWS Products
2684070281,AWS Products
2684217942,AWS Products
2684216644,AWS Products
2683901018,AWS Products
2683912448,AWS Products
2684219466,AWS Products
2684228142,AWS Products
2684220510,AWS Products
2684227709,AWS Products
2684219465,AWS Products
2684207731,AWS Products
2684204706,AWS Products
2684228141,AWS Products
2684219801,AWS Products
2684219800,AWS Products
2684074756,AWS Products
2684225171,AWS Products
2684224437,AWS Products
2684222547,AWS Products
2684214795,AWS Products
2684214794,AWS Products
2684209672,AWS Products
2684211471,AWS Products
2684076834,AWS Products
2684061775,AWS Products
2684044831,AWS Products
2684238761,AWS Products
2684231987,AWS Products
2684231468,AWS Products
2684231467,AWS Products
2684222862,AWS Products
2684216643,AWS Products
2684215629,AWS Products
2684212885,AWS Products
2684212089,AWS Products
2684210873,AWS Products
2684209318,AWS Products
2684207234,AWS Products
2684080432,AWS Products
2684077345,AWS Products
2684077344,AWS Products
2684071937,AWS Products
2684070280,AWS Products
2684231986,AWS Products
2684228727,AWS Products
2684226160,AWS Products
2684226159,AWS Products
2684222546,AWS Products
2684220956,AWS Products
2684218802,AWS Products
2684218801,AWS Products
2684217941,AWS Products
2684215296,AWS Products
2684212537,AWS Products
2684211470,AWS Products
2684211469,AWS Products
2684208294,AWS Products
2684208293,AWS Products
2684207730,AWS Products
2684206880,AWS Products
2684205177,AWS Products
2684084073,AWS Products
2684082204,AWS Products
2684082203,AWS Products
2684071936,AWS Products
2684071481,AWS Products
2684044830,AWS Products
2683912375,AWS Products
2684241843,AWS Products
2684233039,AWS Products
2684225170,AWS Products
2684212088,AWS Products
2684080431,AWS Products
2684077882,AWS Products
2684073593,AWS Products
2684073104,AWS Products
2684071482,AWS Products
2684070279,AWS Products
2684070278,AWS Products
2684068146,AWS Products
2684041590,AWS Products
2684041589,AWS Products
2683901017,AWS Products
2684228140,AWS Products
2684219799,AWS Products
2684210336,AWS Products
2684207729,AWS Products
2684205176,AWS Products
2684084072,AWS Products
2684076833,AWS Products
2684075346,AWS Products
2684070277,AWS Products
2684229431,AWS Products
2684228726,AWS Products
2684228139,AWS Products
2684227708,AWS Products
2684226624,AWS Products
2684225696,AWS Products
2684215225,AWS Products
2684212536,AWS Products
2684212087,AWS Products
2684208292,AWS Products
2684205175,AWS Products
2684082202,AWS Products
2684076832,AWS Products
2684076831,AWS Products
2684075345,AWS Products
2684063512,AWS Products
2683912374,AWS Products
2684241842,AWS Products
2684238760,AWS Products
2684233038,AWS Products
2684230925,AWS Products
2684226158,AWS Products
2684222861,AWS Products
2684222545,AWS Products
2684222544,AWS Products
2684221973,AWS Products
2684221369,AWS Products
2684220955,AWS Products
2684217940,AWS Products
2684216642,AWS Products
2684213879,AWS Products
2684210872,AWS Products
2684210335,AWS Products
2684206879,AWS Products
2684204705,AWS Products
2684077343,AWS Products
2684074755,AWS Products
2684073592,AWS Products
2684068145,AWS Products
2684063511,AWS Products
2683901446,AWS Products
2683901016,AWS Products
2684231466,AWS Products
2684223366,AWS Products
2684214793,AWS Products
2684083485,AWS Products
2684079968,AWS Products
2684078366,AWS Products
2683901447,AWS Products
2684229430,AWS Products
2684205727,AWS Products
2684071865,AWS Products
2684061774,AWS Products
2684212884,AWS Products
2684238759,AWS Products
2684221972,AWS Products
2684213878,AWS Products
2684209317,AWS Products
2684208291,AWS Products
2684206878,AWS Products
2684079967,AWS Products
2684241841,AWS Products
2684233037,AWS Products
2684233036,AWS Products
2684217939,AWS Products
2684212535,AWS Products
2684075344,AWS Products
2684041588,AWS Products
2684228725,AWS Products
2684221971,AWS Products
2684218800,AWS Products
2684205174,AWS Products
2684228138,AWS Products
2684209671,AWS Products
2684079966,AWS Products
2684070276,AWS Products
2684227707,AWS Products
2684077881,AWS Products
2684076830,AWS Products
2683912373,AWS Products
2684231465,AWS Products
2684216641,AWS Products
2684084513,AWS Products
2684083484,AWS Products
2684073591,AWS Products
2684068144,AWS Products
2684224436,AWS Products
2684215628,AWS Products
2684080430,AWS Products
2684073590,AWS Products
2684233035,AWS Products
2684230924,AWS Products
2684223365,AWS Products
2684220954,AWS Products
2684077880,AWS Products
2684061773,AWS Products
2684041587,AWS Products
2684238758,AWS Products
2684238757,AWS Products
2684230923,AWS Products
2684229429,AWS Products
2684225695,AWS Products
2684222860,AWS Products
2684222543,AWS Products
2684220953,AWS Products
2684219798,AWS Products
2684217938,AWS Products
2684215627,AWS Products
2684215224,AWS Products
2684212086,AWS Products
2684211468,AWS Products
2684209670,AWS Products
2684208290,AWS Products
2684207233,AWS Products
2684205726,AWS Products
2684204704,AWS Products
2684077879,AWS Products
2684074754,AWS Products
2684071864,AWS Products
2684071480,AWS Products
2684044829,AWS Products
2684241840,AWS Products
2684233034,AWS Products
2684233033,AWS Products
2684231985,AWS Products
2684226157,AWS Products
2684225169,AWS Products
2684223364,AWS Products
2684221970,AWS Products
2684221368,AWS Products
2684220952,AWS Products
2684220509,AWS Products
2684218799,AWS Products
2684217937,AWS Products
2684216640,AWS Products
2684216639,AWS Products
2684215223,AWS Products
2684210871,AWS Products
2684210334,AWS Products
2684204703,AWS Products
2684084512,AWS Products
2684084071,AWS Products
2684083483,AWS Products
2684082201,AWS Products
2684079965,AWS Products
2684079964,AWS Products
2684077878,AWS Products
2684075343,AWS Products
2684071863,AWS Products
2684070275,AWS Products
2684063510,AWS Products
2684041586,AWS Products
2684230922,AWS Products
2684226623,AWS Products
2684224435,AWS Products
2684222859,AWS Products
2684222542,AWS Products
2684212883,AWS Products
2684211467,AWS Products
2684209669,AWS Products
2684207728,AWS Products
2684205725,AWS Products
2684076829,AWS Products
2684075342,AWS Products
2684073103,AWS Products
2684068143,AWS Products
2683901015,AWS Products
2684229428,AWS Products
2684226156,AWS Products
2684226155,AWS Products
2684225168,AWS Products
2684214792,AWS Products
2684205724,AWS Products
2684204702,AWS Products
2684080429,AWS Products
2684077342,AWS Products
2684044828,AWS Products
2683901445,AWS Products
2684220951,AWS Products
2684212534,AWS Products
2684079963,AWS Products
2684241839,AWS Products
2684213877,AWS Products
2684207232,AWS Products
2683901014,AWS Products
2684080428,AWS Products
2684080427,AWS Products
2683901013,AWS Products
2684230921,AWS Products
2684228724,AWS Products
2684219797,AWS Products
2684214791,AWS Products
2684241838,AWS Products
2684208289,AWS Products
2684074753,AWS Products
2683912372,AWS Products
2684215222,AWS Products
2684079962,AWS Products
2684063509,AWS Products
2684231464,AWS Products
2684228137,AWS Products
2684226154,AWS Products
2684210870,AWS Products
2684210333,AWS Products
2684077341,AWS Products
2684070274,AWS Products
2684238756,AWS Products
2684217936,AWS Products
2684212882,AWS Products
2684209668,AWS Products
2684205173,AWS Products
2684083482,AWS Products
2684080426,AWS Products
2683901444,AWS Products
2684231984,AWS Products
2684224434,AWS Products
2684213876,AWS Products
2684212881,AWS Products
2684209667,AWS Products
2684207727,AWS Products
2684205172,AWS Products
2684204701,AWS Products
2684074752,AWS Products
2684041585,AWS Products
2683901443,AWS Products
2684231463,AWS Products
2684231462,AWS Products
2684231461,AWS Products
2684216638,AWS Products
2684215221,AWS Products
2684214790,AWS Products
2684212533,AWS Products
2684212085,AWS Products
2684210869,AWS Products
2684208288,AWS Products
2684205723,AWS Products
2684084511,AWS Products
2684082200,AWS Products
2684080425,AWS Products
2684073102,AWS Products
2684071479,AWS Products
2684069926,AWS Products
2684068142,AWS Products
2684068141,AWS Products
2684238755,AWS Products
2684229427,AWS Products
2684226622,AWS Products
2684225167,AWS Products
2684225166,AWS Products
2684222858,AWS Products
2684219796,AWS Products
2684219464,AWS Products
2684212532,AWS Products
2684207231,AWS Products
2684206877,AWS Products
2684205722,AWS Products
2684205721,AWS Products
2684080424,AWS Products
2684077877,AWS Products
2684075341,AWS Products
2684061772,AWS Products
2684233032,AWS Products
2684229426,AWS Products
2684228723,AWS Products
2684227706,AWS Products
2684227705,AWS Products
2684217935,AWS Products
2684215626,AWS Products
2684212880,AWS Products
2684211466,AWS Products
2684205171,AWS Products
2684078365,AWS Products
2684076828,AWS Products
2684071862,AWS Products
2684071861,AWS Products
2684061771,AWS Products
2684041584,AWS Products
2683901442,AWS Products
2684233031,AWS Products
2684231983,AWS Products
2684229425,AWS Products
2684226621,AWS Products
2684222857,AWS Products
2684221367,AWS Products
2684216637,AWS Products
2684210868,AWS Products
2684083481,AWS Products
2684077876,AWS Products
2684071478,AWS Products
2684063508,AWS Products
2684061253,AWS Products
2684238754,AWS Products
2684223363,AWS Products
2684205170,AWS Products
2684082199,AWS Products
2684077340,AWS Products
2684073589,AWS Products
2684070273,AWS Products
2684061252,AWS Products
2684238753,AWS Products
2684227704,AWS Products
2684225693,AWS Products
2684219463,AWS Products
2684219462,AWS Products
2684218798,AWS Products
2684217934,AWS Products
2684216636,AWS Products
2684212084,AWS Products
2684211465,AWS Products
2684210332,AWS Products
2684204700,AWS Products
2684078364,AWS Products
2684076827,AWS Products
2684074681,AWS Products
2684073588,AWS Products
2684073101,AWS Products
2684069925,AWS Products
2684063507,AWS Products
2684044827,AWS Products
2684041583,AWS Products
2683901012,AWS Products
2684241837,AWS Products
2684225694,AWS Products
2684222856,AWS Products
2684222541,AWS Products
2684221969,AWS Products
2684220508,AWS Products
2684215220,AWS Products
2684214789,AWS Products
2684212531,AWS Products
2684212083,AWS Products
2684084070,AWS Products
2684077339,AWS Products
2684068140,AWS Products
2683901441,AWS Products
2684228722,AWS Products
2684213875,AWS Products
2684207726,AWS Products
2684082198,AWS Products
2684079961,AWS Products
2684073100,AWS Products
2683912371,AWS Products
2684221366,AWS Products
2684214788,AWS Products
2684207725,AWS Products
2684230920,AWS Products
2684229424,AWS Products
2684226620,AWS Products
2684224433,AWS Products
2684215219,AWS Products
2684061770,AWS Products
2683912370,AWS Products
2684241836,AWS Products
2684238752,AWS Products
2684231460,AWS Products
2684222540,AWS Products
2684220950,AWS Products
2684219461,AWS Products
2684219460,AWS Products
2684217933,AWS Products
2684212530,AWS Products
2684211464,AWS Products
2684210867,AWS Products
2684210331,AWS Products
2684209666,AWS Products
2684208287,AWS Products
2684207724,AWS Products
2684207230,AWS Products
2684205169,AWS Products
2684080423,AWS Products
2684078363,AWS Products
2684075340,AWS Products
2684071477,AWS Products
2684071476,AWS Products
2684063506,AWS Products
2684044826,AWS Products
2683912369,AWS Products
2683901440,AWS Products
2684241835,AWS Products
2684231459,AWS Products
2684229423,AWS Products
2684228721,AWS Products
2684227703,AWS Products
2684226619,AWS Products
2684226153,AWS Products
2684225692,AWS Products
2684225165,AWS Products
2684224432,AWS Products
2684224431,AWS Products
2684223362,AWS Products
2684219795,AWS Products
2684217932,AWS Products
2684214787,AWS Products
2684212529,AWS Products
2684210330,AWS Products
2684209316,AWS Products
2684209315,AWS Products
2684205720,AWS Products
2684204699,AWS Products
2684204698,AWS Products
2684080422,AWS Products
2684076826,AWS Products
2684075339,AWS Products
2684074680,AWS Products
2684071860,AWS Products
2684070272,AWS Products
2684061769,AWS Products
2684061251,AWS Products
2684233030,AWS Products
2684231982,AWS Products
2684229422,AWS Products
2684222539,AWS Products
2684212879,AWS Products
2684212082,AWS Products
2684205719,AWS Products
2684205718,AWS Products
2684205168,AWS Products
2684084069,AWS Products
2684078362,AWS Products
2684077338,AWS Products
2684076825,AWS Products
2684074679,AWS Products
2684073587,AWS Products
2684071475,AWS Products
2684231458,AWS Products
2684207723,AWS Products
2684205717,AWS Products
2684073099,AWS Products
2684070271,AWS Products
2683912368,AWS Products
2684228720,AWS Products
2684224430,AWS Products
2684215218,AWS Products
2684207722,AWS Products
2684084068,AWS Products
2684080421,AWS Products
2684078361,AWS Products
2684074678,AWS Products
2684069924,AWS Products
2684063505,AWS Products
2684226618,AWS Products
2684226152,AWS Products
2684225691,AWS Products
2684225164,AWS Products
2684223361,AWS Products
2684222855,AWS Products
2684221968,AWS Products
2684221365,AWS Products
2684220507,AWS Products
2684219794,AWS Products
2684216635,AWS Products
2684215625,AWS Products
2684213874,AWS Products
2684213873,AWS Products
2684212528,AWS Products
2684212081,AWS Products
2684210866,AWS Products
2684209314,AWS Products
2684208286,AWS Products
2684206876,AWS Products
2684084510,AWS Products
2684080420,AWS Products
2684077337,AWS Products
2684077336,AWS Products
2684074677,AWS Products
2684073586,AWS Products
2684073098,AWS Products
2684068139,AWS Products
2684063504,AWS Products
2684044825,AWS Products
2683912367,AWS Products
2683901369,AWS Products
2683901011,AWS Products
2684230919,AWS Products
2684229421,AWS Products
2684220948,AWS Products
2684207229,AWS Products
2684207228,AWS Products
2684083480,AWS Products
2684080419,AWS Products
2684077875,AWS Products
2684061250,AWS Products
2684223360,AWS Products
2684082197,AWS Products
2684225163,AWS Products
2684219793,AWS Products
2684217931,AWS Products
2684209313,AWS Products
2684077335,AWS Products
2684233029,AWS Products
2684233028,AWS Products
2684229420,AWS Products
2684078360,AWS Products
2684078359,AWS Products
2684077334,AWS Products
2684075338,AWS Products
2684074676,AWS Products
2684071474,AWS Products
2684041582,AWS Products
2684241834,AWS Products
2684238751,AWS Products
2684227702,AWS Products
2684220949,AWS Products
2684214786,AWS Products
2684213872,AWS Products
2684210865,AWS Products
2684210329,AWS Products
2684207721,AWS Products
2684207227,AWS Products
2684206875,AWS Products
2684206874,AWS Products
2684084509,AWS Products
2684084508,AWS Products
2684082196,AWS Products
2684079960,AWS Products
2684071473,AWS Products
2684041581,AWS Products
2684233027,AWS Products
2684231981,AWS Products
2684230918,AWS Products
2684226151,AWS Products
2684220947,AWS Products
2684219792,AWS Products
2684216634,AWS Products
2684215217,AWS Products
2684212080,AWS Products
2684210328,AWS Products
2684208285,AWS Products
2684207226,AWS Products
2684205716,AWS Products
2684204697,AWS Products
2684084067,AWS Products
2684083479,AWS Products
2684080418,AWS Products
2684079959,AWS Products
2684077874,AWS Products
2684073585,AWS Products
2684071859,AWS Products
2684061249,AWS Products
2684061248,AWS Products
2683912366,AWS Products
2683901368,AWS Products
2684241833,AWS Products
2684238750,AWS Products
2684231457,AWS Products
2684229419,AWS Products
2684226617,AWS Products
2684224429,AWS Products
2684221967,AWS Products
2684221364,AWS Products
2684219459,AWS Products
2684218797,AWS Products
2684217930,AWS Products
2684215624,AWS Products
2684214785,AWS Products
2684212878,AWS Products
2684209312,AWS Products
2684207720,AWS Products
2684207225,AWS Products
2684205715,AWS Products
2684082195,AWS Products
2684079958,AWS Products
2684078358,AWS Products
2684076824,AWS Products
2684063503,AWS Products
2684063502,AWS Products
2684061768,AWS Products
2684044824,AWS Products
2683912365,AWS Products
2684227701,AWS Products
2684225690,AWS Products
2684223359,AWS Products
2684222854,AWS Products
2684218796,AWS Products
2684210864,AWS Products
2684206873,AWS Products
2684205167,AWS Products
2684204696,AWS Products
2684083478,AWS Products
2684077333,AWS Products
2684071472,AWS Products
2683901010,AWS Products
2684223358,AWS Products
2684079957,AWS Products
2684078357,AWS Products
2684061247,AWS Products
2684228719,AWS Products
2684226150,AWS Products
2684221966,AWS Products
2684221363,AWS Products
2684220506,AWS Products
2684217929,AWS Products
2684214784,AWS Products
2684212527,AWS Products
2684212079,AWS Products
2684206872,AWS Products
2684205714,AWS Products
2684205166,AWS Products
2684084507,AWS Products
2684083477,AWS Products
2684077332,AWS Products
2684073584,AWS Products
2683901367,AWS Products
2684238749,AWS Products
2684230917,AWS Products
2684229418,AWS Products
2684225689,AWS Products
2684225688,AWS Products
2684224428,AWS Products
2684222853,AWS Products
2684221965,AWS Products
2684215216,AWS Products
2684212526,AWS Products
2684210863,AWS Products
2684080417,AWS Products
2684077873,AWS Products
2684077872,AWS Products
2684077331,AWS Products
2684074675,AWS Products
2684071858,AWS Products
2684068138,AWS Products
2684063501,AWS Products
2684041580,AWS Products
2684238748,AWS Products
2684233026,AWS Products
2684233025,AWS Products
2684231980,AWS Products
2684228718,AWS Products
2684226149,AWS Products
2684225687,AWS Products
2684221362,AWS Products
2684217928,AWS Products
2684216633,AWS Products
2684212078,AWS Products
2684211463,AWS Products
2684210327,AWS Products
2684210326,AWS Products
2684209665,AWS Products
2684209311,AWS Products
2684206871,AWS Products
2684204695,AWS Products
2684083476,AWS Products
2684082194,AWS Products
2684077871,AWS Products
2684074674,AWS Products
2684073096,AWS Products
2684071471,AWS Products
2684061767,AWS Products
2684231456,AWS Products
2684231455,AWS Products
2684228717,AWS Products
2684222852,AWS Products
2684222851,AWS Products
2684220946,AWS Products
2684219791,AWS Products
2684219790,AWS Products
2684219458,AWS Products
2684218795,AWS Products
2684215623,AWS Products
2684215215,AWS Products
2684212525,AWS Products
2684211462,AWS Products
2684209664,AWS Products
2684208284,AWS Products
2684207719,AWS Products
2684207718,AWS Products
2684207224,AWS Products
2684205713,AWS Products
2684205165,AWS Products
2684204694,AWS Products
2684080416,AWS Products
2684078356,AWS Products
2684078355,AWS Products
2684076823,AWS Products
2684073583,AWS Products
2684071857,AWS Products
2684070270,AWS Products
2684068137,AWS Products
2684061246,AWS Products
2684044823,AWS Products
2684041579,AWS Products
2683912364,AWS Products
2684231454,AWS Products
2684227700,AWS Products
2684220945,AWS Products
2684215214,AWS Products
2683901009,AWS Products
2684231979,AWS Products
2684225162,AWS Products
2684219457,AWS Products
2684215622,AWS Products
2684205712,AWS Products
2684061766,AWS Products
2684222538,AWS Products
2684221361,AWS Products
2684219789,AWS Products
2684214713,AWS Products
2684207717,AWS Products
2684207223,AWS Products
2684082193,AWS Products
2684076822,AWS Products
2684076821,AWS Products
2683912363,AWS Products
2683901008,AWS Products
2684229417,AWS Products
2684226616,AWS Products
2684226148,AWS Products
2684224427,AWS Products
2684220505,AWS Products
2684215621,AWS Products
2684213871,AWS Products
2684210862,AWS Products
2684209310,AWS Products
2684206870,AWS Products
2684204693,AWS Products
2684084506,AWS Products
2684079956,AWS Products
2684073582,AWS Products
2684073095,AWS Products
2684068136,AWS Products
2684222850,AWS Products
2684227699,AWS Products
2684220504,AWS Products
2684216632,AWS Products
2684204692,AWS Products
2684082192,AWS Products
2684077330,AWS Products
2684225161,AWS Products
2684219456,AWS Products
2684077329,AWS Products
2684074673,AWS Products
2684073094,AWS Products
2684068135,AWS Products
2684068134,AWS Products
2684238747,AWS Products
2684231978,AWS Products
2684231977,AWS Products
2684231453,AWS Products
2684231452,AWS Products
2684224426,AWS Products
2684223357,AWS Products
2684221964,AWS Products
2684220944,AWS Products
2684219788,AWS Products
2684212877,AWS Products
2684212077,AWS Products
2684208282,AWS Products
2684076820,AWS Products
2684069923,AWS Products
2684230916,AWS Products
2684225686,AWS Products
2684225160,AWS Products
2684222849,AWS Products
2684222537,AWS Products
2684219787,AWS Products
2684219455,AWS Products
2684212524,AWS Products
2684211461,AWS Products
2684209309,AWS Products
2684208283,AWS Products
2684208281,AWS Products
2684207716,AWS Products
2684205711,AWS Products
2684205164,AWS Products
2684204691,AWS Products
2684083475,AWS Products
2684081197,AWS Products
2684080415,AWS Products
2684079955,AWS Products
2684074672,AWS Products
2684073581,AWS Products
2684071470,AWS Products
2684070269,AWS Products
2684069922,AWS Products
2684068887,AWS Products
2684044822,AWS Products
2684041578,AWS Products
2683901007,AWS Products
2684238746,AWS Products
2684226147,AWS Products
2684222848,AWS Products
2684221360,AWS Products
2684220943,AWS Products
2684220503,AWS Products
2684217927,AWS Products
2684213870,AWS Products
2684212876,AWS Products
2684212076,AWS Products
2684211460,AWS Products
2684210325,AWS Products
2684210324,AWS Products
2684209593,AWS Products
2684207222,AWS Products
2684205710,AWS Products
2684080414,AWS Products
2684078354,AWS Products
2684077870,AWS Products
2684077328,AWS Products
2684075337,AWS Products
2684061765,AWS Products